Title,URL
Atomic Habits: An Easy & Proven Way to Build Good Habits & Break Bad Ones,https://www.goodreads.com/book/show/40121378-atomic-habits
The Subtle Art of Not Giving a F*ck: A Counterintuitive Approach to Living a Good Life,https://www.goodreads.com/book/show/28257707-the-subtle-art-of-not-giving-a-f-ck
How to Win Friends and Influence People,https://www.goodreads.com/book/show/4865.How_to_Win_Friends_and_Influence_People
The 7 Habits of Highly Effective People: Powerful Lessons in Personal Change,https://www.goodreads.com/book/show/36072.The_7_Habits_of_Highly_Effective_People
The Power of Habit: Why We Do What We Do in Life and Business,https://www.goodreads.com/book/show/12609433-the-power-of-habit
The Life-Changing Magic of Tidying Up: The Japanese Art of Decluttering and Organizing,https://www.goodreads.com/book/show/22318578-the-life-changing-magic-of-tidying-up
The Four Agreements,https://www.goodreads.com/book/show/6596.The_Four_Agreements
You Are a Badass: How to Stop Doubting Your Greatness and Start Living an Awesome Life,https://www.goodreads.com/book/show/15843166-you-are-a-badass
You Are a Badass: How to Stop Doubting Your Greatness and Start Living an Awesome Life,https://www.goodreads.com/book/show/15843166-you-are-a-badass
The Power of Now: A Guide to Spiritual Enlightenment,https://www.goodreads.com/book/show/6708.The_Power_of_Now
Quiet: The Power of Introverts in a World That Can't Stop Talking,https://www.goodreads.com/book/show/8520610-quiet
The Gifts of Imperfection,https://www.goodreads.com/book/show/7015403-the-gifts-of-imperfection
"Daring Greatly: How the Courage to Be Vulnerable Transforms the Way We Live, Love, Parent, and Lead",https://www.goodreads.com/book/show/13588356-daring-greatly
"Daring Greatly: How the Courage to Be Vulnerable Transforms the Way We Live, Love, Parent, and Lead",https://www.goodreads.com/book/show/13588356-daring-greatly
Deep Work: Rules for Focused Success in a Distracted World,https://www.goodreads.com/book/show/25744928-deep-work
The 5 Love Languages: The Secret to Love that Lasts,https://www.goodreads.com/book/show/23878688-the-5-love-languages
Think and Grow Rich,https://www.goodreads.com/book/show/30186948-think-and-grow-rich
Who Moved My Cheese?,https://www.goodreads.com/book/show/4894.Who_Moved_My_Cheese_
"Thinking, Fast and Slow",https://www.goodreads.com/book/show/11468377-thinking-fast-and-slow
"The Secret (The Secret, #1)",https://www.goodreads.com/book/show/52529.The_Secret
12 Rules for Life: An Antidote to Chaos,https://www.goodreads.com/book/show/30257963-12-rules-for-life
"Rich Dad, Poor Dad",https://www.goodreads.com/book/show/69571.Rich_Dad_Poor_Dad
Man's Search for Meaning,https://www.goodreads.com/book/show/4069.Man_s_Search_for_Meaning
The 4-Hour Workweek,https://www.goodreads.com/book/show/368593.The_4_Hour_Workweek
"The Happiness Project: Or Why I Spent a Year Trying to Sing in the Morning, Clean My Closets, Fight Right, Read Aristotle, and Generally Have More Fun",https://www.goodreads.com/book/show/6398634-the-happiness-project
Big Magic: Creative Living Beyond Fear,https://www.goodreads.com/book/show/24453082-big-magic
Mindset: The New Psychology of Success,https://www.goodreads.com/book/show/40745.Mindset
Getting Things Done: The Art of Stress-Free Productivity,https://www.goodreads.com/book/show/1633.Getting_Things_Done
Outliers: The Story of Success,https://www.goodreads.com/book/show/3228917-outliers
How to Stop Worrying and Start Living,https://www.goodreads.com/book/show/4866.How_to_Stop_Worrying_and_Start_Living
Essentialism: The Disciplined Pursuit of Less,https://www.goodreads.com/book/show/18077875-essentialism
"The Body Keeps the Score: Brain, Mind, and Body in the Healing of Trauma",https://www.goodreads.com/book/show/18693771-the-body-keeps-the-score
"Girl, Wash Your Face: Stop Believing the Lies about Who You Are So You Can Become Who You Were Meant to Be",https://www.goodreads.com/book/show/35542451-girl-wash-your-face
The Alchemist,https://www.goodreads.com/book/show/18144590-the-alchemist
"10% Happier: How I Tamed the Voice in My Head, Reduced Stress Without Losing My Edge, and Found Self-Help That Actually Works",https://www.goodreads.com/book/show/18505796-10-happier
Grit: The Power of Passion and Perseverance,https://www.goodreads.com/book/show/27213329-grit
A New Earth: Awakening to Your Life's Purpose,https://www.goodreads.com/book/show/76334.A_New_Earth
The Untethered Soul: The Journey Beyond Yourself,https://www.goodreads.com/book/show/1963638.The_Untethered_Soul
Digital Minimalism: Choosing a Focused Life in a Noisy World,https://www.goodreads.com/book/show/40672036-digital-minimalism
Blink: The Power of Thinking Without Thinking,https://www.goodreads.com/book/show/40102.Blink
The 48 Laws of Power,https://www.goodreads.com/book/show/1303.The_48_Laws_of_Power
Eat That Frog!: 21 Great Ways to Stop Procrastinating and Get More Done in Less Time,https://www.goodreads.com/book/show/95887.Eat_That_Frog_
"The Courage to Be Disliked: How to Free Yourself, Change your Life and Achieve Real Happiness",https://www.goodreads.com/book/show/43306206-the-courage-to-be-disliked
Braving the Wilderness: The Quest for True Belonging and the Courage to Stand Alone,https://www.goodreads.com/book/show/34565022-braving-the-wilderness
Maybe You Should Talk to Someone,https://www.goodreads.com/book/show/37570546-maybe-you-should-talk-to-someone
Can't Hurt Me: Master Your Mind and Defy the Odds,https://www.goodreads.com/book/show/41721428-can-t-hurt-me
Rising Strong: The Reckoning. The Rumble. The Revolution.,https://www.goodreads.com/book/show/23317538-rising-strong
Untamed,https://www.goodreads.com/book/show/52129515-untamed
Unfu*k Yourself: Get Out of Your Head and Into Your Life,https://www.goodreads.com/book/show/32738672-unfu-k-yourself
The Highly Sensitive Person: How to Thrive When the World Overwhelms You,https://www.goodreads.com/book/show/923950.The_Highly_Sensitive_Person
The War of Art: Winning the Inner Creative Battle,https://www.goodreads.com/book/show/1319.The_War_of_Art
Make Your Bed: Little Things That Can Change Your Life...And Maybe the World,https://www.goodreads.com/book/show/31423133-make-your-bed
"Men Are from Mars, Women Are from Venus",https://www.goodreads.com/book/show/1274.Men_Are_from_Mars_Women_Are_from_Venus
The Mountain Is You: Transforming Self-Sabotage Into Self-Mastery,https://www.goodreads.com/book/show/53642699-the-mountain-is-you
The Magic of Thinking Big,https://www.goodreads.com/book/show/759945.The_Magic_of_Thinking_Big
"Boundaries: When to Say Yes, How to Say No to Take Control of Your Life",https://www.goodreads.com/book/show/944267.Boundaries
"Awaken the Giant Within: How to Take Immediate Control of Your Mental, Emotional, Physical and Financial Destiny!",https://www.goodreads.com/book/show/180116.Awaken_the_Giant_Within
The Monk Who Sold His Ferrari: A Fable About Fulfilling Your Dreams and Reaching Your Destiny,https://www.goodreads.com/book/show/43877.The_Monk_Who_Sold_His_Ferrari
Flow: The Psychology of Optimal Experience,https://www.goodreads.com/book/show/66354.Flow
Don't Sweat the Small Stuff ... and It's All Small Stuff: Simple Ways to Keep the Little Things From Taking Over Your Life,https://www.goodreads.com/book/show/170548.Don_t_Sweat_the_Small_Stuff_and_It_s_All_Small_Stuff
The Miracle Morning: The Not-So-Obvious Secret Guaranteed to Transform Your Life: Before 8AM,https://www.goodreads.com/book/show/17166225-the-miracle-morning
Never Split the Difference: Negotiating As If Your Life Depended On It,https://www.goodreads.com/book/show/26156469-never-split-the-difference
The Power of Positive Thinking,https://www.goodreads.com/book/show/1134122.The_Power_of_Positive_Thinking
Influence: The Psychology of Persuasion,https://www.goodreads.com/book/show/28815.Influence
The Obstacle Is the Way: The Timeless Art of Turning Trials into Triumph,https://www.goodreads.com/book/show/18668059-the-obstacle-is-the-way
The Power of Your Subconscious Mind,https://www.goodreads.com/book/show/68984.The_Power_of_Your_Subconscious_Mind
Everything is F*cked: A Book About Hope,https://www.goodreads.com/book/show/43808723-everything-is-f-cked
Attached: The New Science of Adult Attachment and How It Can Help You Find—and Keep—Love,https://www.goodreads.com/book/show/9547888-attached
Better Than Before: Mastering the Habits of Our Everyday Lives,https://www.goodreads.com/book/show/22889767-better-than-before
The Defining Decade: Why Your Twenties Matter—And How to Make the Most of Them Now,https://www.goodreads.com/book/show/40603783-the-defining-decade
Why We Sleep: Unlocking the Power of Sleep and Dreams,https://www.goodreads.com/book/show/34466963-why-we-sleep
Emotional Intelligence: Why It Can Matter More Than IQ,https://www.goodreads.com/book/show/26329.Emotional_Intelligence
Ego Is the Enemy,https://www.goodreads.com/book/show/27036528-ego-is-the-enemy
"The Willpower Instinct: How Self-Control Works, Why It Matters, and What You Can Do to Get More of It",https://www.goodreads.com/book/show/10865206-the-willpower-instinct
Start with Why: How Great Leaders Inspire Everyone to Take Action,https://www.goodreads.com/book/show/7108725-start-with-why
As a Man Thinketh,https://www.goodreads.com/book/show/81959.As_a_Man_Thinketh
The One Thing: The Surprisingly Simple Truth Behind Extraordinary Results,https://www.goodreads.com/book/show/16256798-the-one-thing
The Richest Man in Babylon,https://www.goodreads.com/book/show/1052.The_Richest_Man_in_Babylon
The Tipping Point: How Little Things Can Make a Big Difference,https://www.goodreads.com/book/show/2612.The_Tipping_Point
"Adult Children of Emotionally Immature Parents: How to Heal from Distant, Rejecting, or Self-Involved Parents",https://www.goodreads.com/book/show/23129659-adult-children-of-emotionally-immature-parents
Feeling Good: The New Mood Therapy,https://www.goodreads.com/book/show/46674.Feeling_Good
You Can Heal Your Life,https://www.goodreads.com/book/show/129603.You_Can_Heal_Your_Life
"The Compound Effect: Jumpstart Your Income, Your Life, Your Success",https://www.goodreads.com/book/show/9420697-the-compound-effect
Talking to Strangers: What We Should Know About the People We Don’t Know,https://www.goodreads.com/book/show/43848929-talking-to-strangers
The 5 AM Club: Own Your Morning. Elevate Your Life,https://www.goodreads.com/book/show/37502596-the-5-am-club
Mastery,https://www.goodreads.com/book/show/13589182-mastery
The Little Book of Hygge: The Danish Way to Live Well,https://www.goodreads.com/book/show/30045683-the-little-book-of-hygge
Reasons to Stay Alive,https://www.goodreads.com/book/show/25733573-reasons-to-stay-alive
Codependent No More: How to Stop Controlling Others and Start Caring for Yourself,https://www.goodreads.com/book/show/61865476-codependent-no-more
101 Essays That Will Change the Way You Think,https://www.goodreads.com/book/show/32998876-101-essays-that-will-change-the-way-you-think
Four Thousand Weeks: Time Management for Mortals,https://www.goodreads.com/book/show/54785515-four-thousand-weeks
The Artist's Way: A Spiritual Path to Higher Creativity,https://www.goodreads.com/book/show/615570.The_Artist_s_Way
The Art of Happiness,https://www.goodreads.com/book/show/38210.The_Art_of_Happiness
"The Road Less Traveled: A New Psychology of Love, Traditional Values and Spiritual Growth",https://www.goodreads.com/book/show/347852.The_Road_Less_Traveled
"Girl, Stop Apologizing: A Shame-Free Plan for Embracing and Achieving Your Goals",https://www.goodreads.com/book/show/40591267-girl-stop-apologizing
Think Again: The Power of Knowing What You Don't Know,https://www.goodreads.com/book/show/55539565-think-again
Steal Like an Artist: 10 Things Nobody Told You About Being Creative,https://www.goodreads.com/book/show/13099738-steal-like-an-artist
How to Talk to Anyone: 92 Little Tricks for Big Success in Relationships,https://www.goodreads.com/book/show/35210.How_to_Talk_to_Anyone
Burnout: The Secret to Unlocking the Stress Cycle,https://www.goodreads.com/book/show/42397849-burnout
"What Happened To You?: Conversations on Trauma, Resilience, and Healing",https://www.goodreads.com/book/show/53238858-what-happened-to-you
Drive: The Surprising Truth About What Motivates Us,https://www.goodreads.com/book/show/6452796-drive
Meditations,https://www.goodreads.com/book/show/30659.Meditations
Emotional Intelligence 2.0,https://www.goodreads.com/book/show/6486483-emotional-intelligence-2-0
Tiny Beautiful Things: Advice from Dear Sugar,https://www.goodreads.com/book/show/63193458-tiny-beautiful-things
Feel the Fear and Do It Anyway,https://www.goodreads.com/book/show/653396.Feel_the_Fear_and_Do_It_Anyway
"Lean In: Women, Work, and the Will to Lead",https://www.goodreads.com/book/show/16071764-lean-in
The Total Money Makeover: A Proven Plan for Financial Fitness,https://www.goodreads.com/book/show/78427.The_Total_Money_Makeover
Dare to Lead,https://www.goodreads.com/book/show/40109367-dare-to-lead
Crucial Conversations: Tools for Talking When Stakes are High,https://www.goodreads.com/book/show/15014.Crucial_Conversations
Tuesdays with Morrie,https://www.goodreads.com/book/show/6900.Tuesdays_with_Morrie
The Life-Changing Magic of Not Giving a F*ck: How to Stop Spending Time You Don't Have with People You Don't Like Doing Things You Don't Want to Do,https://www.goodreads.com/book/show/26200068-the-life-changing-magic-of-not-giving-a-f-ck
Spark Joy: An Illustrated Master Class on the Art of Organizing and Tidying Up,https://www.goodreads.com/book/show/25614984-spark-joy
When Things Fall Apart: Heart Advice for Difficult Times,https://www.goodreads.com/book/show/687278.When_Things_Fall_Apart
I Thought It Was Just Me: Women Reclaiming Power and Courage in a Culture of Shame,https://www.goodreads.com/book/show/279308.I_Thought_It_Was_Just_Me
The Last Lecture,https://www.goodreads.com/book/show/40611510-the-last-lecture
Think Like a Monk: Train Your Mind for Peace and Purpose Every Day,https://www.goodreads.com/book/show/51942513-think-like-a-monk
Ikigai: Los secretos de Japón para una vida larga y feliz,https://www.goodreads.com/book/show/28787203-ikigai
"Tools of Titans: The Tactics, Routines, and Habits of Billionaires, Icons, and World-Class Performers",https://www.goodreads.com/book/show/31823677-tools-of-titans
The Comfort Book,https://www.goodreads.com/book/show/55825273-the-comfort-book
Self-Compassion: The Proven Power of Being Kind to Yourself,https://www.goodreads.com/book/show/10127008-self-compassion
"13 Things Mentally Strong People Don't Do: Take Back Your Power, Embrace Change, Face Your Fears, and Train Your Brain for Happiness and Success",https://www.goodreads.com/book/show/23215490-13-things-mentally-strong-people-don-t-do
"The 5 Second Rule: Transform Your Life, Work, and Confidence with Everyday Courage",https://www.goodreads.com/book/show/34189313-the-5-second-rule
The Psychology of Money,https://www.goodreads.com/book/show/41881472-the-psychology-of-money
"Wherever You Go, There You Are: Mindfulness Meditation in Everyday Life",https://www.goodreads.com/book/show/14096.Wherever_You_Go_There_You_Are
The Happiness Advantage: The Seven Principles of Positive Psychology That Fuel Success and Performance at Work,https://www.goodreads.com/book/show/9484114-the-happiness-advantage
Switch: How to Change Things When Change Is Hard,https://www.goodreads.com/book/show/6570502-switch
Nonviolent Communication: A Language of Life,https://www.goodreads.com/book/show/71730.Nonviolent_Communication
Atlas of the Heart: Mapping Meaningful Connection and the Language of Human Experience,https://www.goodreads.com/book/show/58330567-atlas-of-the-heart
"Year of Yes: How to Dance It Out, Stand In the Sun and Be Your Own Person",https://www.goodreads.com/book/show/29540318-year-of-yes
The Gift of Fear: Survival Signals That Protect Us from Violence,https://www.goodreads.com/book/show/56465.The_Gift_of_Fear
Breaking The Habit of Being Yourself: How to Lose Your Mind and Create a New One,https://www.goodreads.com/book/show/12951631-breaking-the-habit-of-being-yourself
Designing Your Life: Build a Life that Works for You,https://www.goodreads.com/book/show/26046333-designing-your-life
The Seven Spiritual Laws of Success: A Practical Guide to the Fulfillment of Your Dreams,https://www.goodreads.com/book/show/773038.The_Seven_Spiritual_Laws_of_Success
You Are a Badass at Making Money: Master the Mindset of Wealth,https://www.goodreads.com/book/show/30900534-you-are-a-badass-at-making-money
Radical Acceptance: Embracing Your Life With the Heart of a Buddha,https://www.goodreads.com/book/show/173666.Radical_Acceptance
"The Power of Vulnerability: Teachings of Authenticity, Connections and Courage",https://www.goodreads.com/book/show/23500254-the-power-of-vulnerability
Come as You Are: The Surprising New Science that Will Transform Your Sex Life,https://www.goodreads.com/book/show/22609341-come-as-you-are
Why Has Nobody Told Me This Before?,https://www.goodreads.com/book/show/58536046-why-has-nobody-told-me-this-before
How Will You Measure Your Life?,https://www.goodreads.com/book/show/13425570-how-will-you-measure-your-life
Moonwalking with Einstein: The Art and Science of Remembering Everything,https://www.goodreads.com/book/show/6346975-moonwalking-with-einstein
"The Daily Stoic: 366 Meditations on Wisdom, Perseverance, and the Art of Living",https://www.goodreads.com/book/show/29093292-the-daily-stoic
"Psycho-Cybernetics, A New Way to Get More Living Out of Life",https://www.goodreads.com/book/show/155981.Psycho_Cybernetics_A_New_Way_to_Get_More_Living_Out_of_Life
Smarter Faster Better: The Secrets of Being Productive in Life and Business,https://www.goodreads.com/book/show/25733966-smarter-faster-better
"Set Boundaries, Find Peace: A Guide to Reclaiming Yourself",https://www.goodreads.com/book/show/55782639-set-boundaries-find-peace
Make Time: How to Focus on What Matters Every Day,https://www.goodreads.com/book/show/37880811-make-time
The Checklist Manifesto: How to Get Things Right,https://www.goodreads.com/book/show/6667514-the-checklist-manifesto
He's Just Not That Into You: The No-Excuses Truth to Understanding Guys,https://www.goodreads.com/book/show/10412.He_s_Just_Not_That_Into_You
The Happiness Hypothesis: Finding Modern Truth in Ancient Wisdom,https://www.goodreads.com/book/show/96884.The_Happiness_Hypothesis
The Art of War,https://www.goodreads.com/book/show/10534.The_Art_of_War
The Success Principles: How to Get from Where You Are to Where You Want to Be,https://www.goodreads.com/book/show/96593.The_Success_Principles
Extreme Ownership: How U.S. Navy SEALs Lead and Win,https://www.goodreads.com/book/show/23848190-extreme-ownership
"Option B: Facing Adversity, Building Resilience, and Finding Joy",https://www.goodreads.com/book/show/32938155-option-b
Why Men Love Bitches,https://www.goodreads.com/book/show/9201647-why-men-love-bitches
How to Do Nothing: Resisting the Attention Economy,https://www.goodreads.com/book/show/42771901-how-to-do-nothing
Ikigai: The Japanese Secret to a Long and Happy Life / The Little Book of Lykke / Lagom: The Swedish Art of Balanced Living,https://www.goodreads.com/book/show/40534545-ikigai
"The Bullet Journal Method: Track the Past, Order the Present, Design the Future",https://www.goodreads.com/book/show/39071691-the-bullet-journal-method
The Art of Thinking Clearly,https://www.goodreads.com/book/show/16248196-the-art-of-thinking-clearly
The Slight Edge,https://www.goodreads.com/book/show/590652.The_Slight_Edge
The Now Habit: A Strategic Program for Overcoming Procrastination and Enjoying Guilt-Free Play,https://www.goodreads.com/book/show/95708.The_Now_Habit
Range: Why Generalists Triumph in a Specialized World,https://www.goodreads.com/book/show/41795733-range
"Goodbye, Things: The New Japanese Minimalism",https://www.goodreads.com/book/show/30231806-goodbye-things
Six Pillars of Self-Esteem,https://www.goodreads.com/book/show/79352.Six_Pillars_of_Self_Esteem
Stumbling on Happiness,https://www.goodreads.com/book/show/56627.Stumbling_on_Happiness
Indistractable: How to Control Your Attention and Choose Your Life,https://www.goodreads.com/book/show/44595007-indistractable
"How to Do the Work: Recognize Your Patterns, Heal from Your Past, and Create Your Self",https://www.goodreads.com/book/show/50997029-how-to-do-the-work
"Never Eat Alone: And Other Secrets to Success, One Relationship at a Time",https://www.goodreads.com/book/show/84699.Never_Eat_Alone
Learned Optimism: How to Change Your Mind and Your Life,https://www.goodreads.com/book/show/26123.Learned_Optimism
The Book of Joy: Lasting Happiness in a Changing World,https://www.goodreads.com/book/show/29496453-the-book-of-joy
How to Read a Book: The Classic Guide to Intelligent Reading,https://www.goodreads.com/book/show/567610.How_to_Read_a_Book
Tiny Habits: The Small Changes That Change Everything,https://www.goodreads.com/book/show/43261127-tiny-habits
The Seven Principles for Making Marriage Work: A Practical Guide from the Country's Foremost Relationship Expert,https://www.goodreads.com/book/show/849380.The_Seven_Principles_for_Making_Marriage_Work
Show Your Work!: 10 Ways to Share Your Creativity and Get Discovered,https://www.goodreads.com/book/show/18290401-show-your-work
"Eat, Pray, Love",https://www.goodreads.com/book/show/19501.Eat_Pray_Love
The mastery of love,https://www.goodreads.com/book/show/81939.The_mastery_of_love
Principles: Life and Work,https://www.goodreads.com/book/show/34536488-principles
Strengths Finder 2.0,https://www.goodreads.com/book/show/56454.Strengths_Finder_2_0
The Millionaire Next Door: The Surprising Secrets of America's Wealthy,https://www.goodreads.com/book/show/998.The_Millionaire_Next_Door
The Happiness Trap: How to Stop Struggling and Start Living: A Guide to ACT,https://www.goodreads.com/book/show/3250347-the-happiness-trap
The Almanack of Naval Ravikant: A Guide to Wealth and Happiness,https://www.goodreads.com/book/show/54898389-the-almanack-of-naval-ravikant
"The Year of Less: How I Stopped Shopping, Gave Away My Belongings, and Discovered Life Is Worth More Than Anything You Can Buy in a Store",https://www.goodreads.com/book/show/35488858-the-year-of-less
The 80/20 Principle: The Secret to Achieving More with Less,https://www.goodreads.com/book/show/181206.The_80_20_Principle
The Charisma Myth: How Anyone Can Master the Art and Science of Personal Magnetism,https://www.goodreads.com/book/show/11910905-the-charisma-myth
Notes on a Nervous Planet,https://www.goodreads.com/book/show/40404801-notes-on-a-nervous-planet
The Things You Can See Only When You Slow Down: Guidance on the Path to Mindfulness from a Spiritual Leader,https://www.goodreads.com/book/show/30780006-the-things-you-can-see-only-when-you-slow-down
The Purpose Driven Life: What on Earth Am I Here for?,https://www.goodreads.com/book/show/56495.The_Purpose_Driven_Life
The Dip: A Little Book That Teaches You When to Quit (and When to Stick),https://www.goodreads.com/book/show/324748.The_Dip
Get Your Sh*t Together: How to Stop Worrying About What You Should Do So You Can Finish What You Need to Do and Start Doing What You Want to Do (A No F*cks Given Guide),https://www.goodreads.com/book/show/31111142-get-your-sh-t-together
A Mind for Numbers: How to Excel at Math and Science (Even If You Flunked Algebra),https://www.goodreads.com/book/show/18693655-a-mind-for-numbers
"The Four Tendencies: The Indispensable Personality Profiles That Reveal How to Make Your Life Better (and Other People's Lives Better, Too)",https://www.goodreads.com/book/show/33566873-the-four-tendencies
Stillness Is the Key,https://www.goodreads.com/book/show/43582733-stillness-is-the-key
First Things First,https://www.goodreads.com/book/show/36071.First_Things_First
Make It Stick: The Science of Successful Learning,https://www.goodreads.com/book/show/18770267-make-it-stick
The 7 Habits Of Highly Effective Teens,https://www.goodreads.com/book/show/783127.The_7_Habits_Of_Highly_Effective_Teens
Get Out of Your Head: Stopping the Spiral of Toxic Thoughts,https://www.goodreads.com/book/show/52780142-get-out-of-your-head
The Art of Seduction,https://www.goodreads.com/book/show/20995.The_Art_of_Seduction
What to Say When You Talk to Yourself,https://www.goodreads.com/book/show/321982.What_to_Say_When_You_Talk_to_Yourself
The Dance of Anger: A Woman's Guide to Changing the Patterns of Intimate Relationships,https://www.goodreads.com/book/show/31312.The_Dance_of_Anger
I Will Teach You to Be Rich: No Guilt. No Excuses. No BS. Just a 6-Week Program That Works,https://www.goodreads.com/book/show/40591670-i-will-teach-you-to-be-rich
You're Not Listening: What You're Missing and Why It Matters,https://www.goodreads.com/book/show/45892276-you-re-not-listening
Predictably Irrational: The Hidden Forces That Shape Our Decisions,https://www.goodreads.com/book/show/1713426.Predictably_Irrational
Give and Take: A Revolutionary Approach to Success,https://www.goodreads.com/book/show/16158498-give-and-take
The Body Is Not an Apology: The Power of Radical Self-Love,https://www.goodreads.com/book/show/34956885-the-body-is-not-an-apology
It Didn't Start with You: How Inherited Family Trauma Shapes Who We Are and How to End the Cycle,https://www.goodreads.com/book/show/26026054-it-didn-t-start-with-you
The Road Back to You: An Enneagram Journey to Self-Discovery,https://www.goodreads.com/book/show/28268515-the-road-back-to-you
Factfulness: Ten Reasons We're Wrong About the World – and Why Things Are Better Than You Think,https://www.goodreads.com/book/show/34890015-factfulness
No Excuses!: The Power of Self-Discipline,https://www.goodreads.com/book/show/8112865-no-excuses
Breath: The New Science of a Lost Art,https://www.goodreads.com/book/show/48890486-breath
Lost Connections: Uncovering the Real Causes of Depression - and the Unexpected Solutions,https://www.goodreads.com/book/show/34921573-lost-connections
"Nudge: Improving Decisions About Health, Wealth, and Happiness",https://www.goodreads.com/book/show/3450744-nudge
"David and Goliath: Underdogs, Misfits, and the Art of Battling Giants",https://www.goodreads.com/book/show/15751404-david-and-goliath
How to Fail at Almost Everything and Still Win Big: Kind of the Story of My Life,https://www.goodreads.com/book/show/17859574-how-to-fail-at-almost-everything-and-still-win-big
Unlimited Power: The New Science Of Personal Achievement,https://www.goodreads.com/book/show/8676.Unlimited_Power
Peak: Secrets from the New Science of Expertise,https://www.goodreads.com/book/show/26312997-peak
"Zero to One: Notes on Startups, or How to Build the Future",https://www.goodreads.com/book/show/18050143-zero-to-one
Peace Is Every Step: The Path of Mindfulness in Everyday Life,https://www.goodreads.com/book/show/14572.Peace_Is_Every_Step
Getting to Yes: Negotiating Agreement Without Giving In,https://www.goodreads.com/book/show/313605.Getting_to_Yes
Loving What Is: Four Questions That Can Change Your Life,https://www.goodreads.com/book/show/9762.Loving_What_Is
"Chatter: The Voice in Our Head, Why It Matters, and How to Harness It",https://www.goodreads.com/book/show/53330118-chatter
"The Way of the Superior Man: A Spiritual Guide to Mastering the Challenges of Women, Work, and Sexual Desire",https://www.goodreads.com/book/show/79424.The_Way_of_the_Superior_Man
The Antidote: Happiness for People Who Can't Stand Positive Thinking,https://www.goodreads.com/book/show/13721709-the-antidote
Willpower: Rediscovering the Greatest Human Strength,https://www.goodreads.com/book/show/11104933-willpower
Good to Great: Why Some Companies Make the Leap... and Others Don't,https://www.goodreads.com/book/show/76865.Good_to_Great
"The Productivity Project: Accomplishing More by Managing Your Time, Attention, and Energy",https://www.goodreads.com/book/show/25733994-the-productivity-project
Adulting: How to Become a Grown-up in 468 Easy(ish) Steps,https://www.goodreads.com/book/show/15791144-adulting
"The Talent Code: Unlocking the Secret of Skill in Sports, Art, Music, Math, and Just About Everything Else",https://www.goodreads.com/book/show/5771014-the-talent-code
How to Keep House While Drowning: A Gentle Approach to Cleaning and Organizing,https://www.goodreads.com/book/show/60139504-how-to-keep-house-while-drowning
What I Know for Sure,https://www.goodreads.com/book/show/21531503-what-i-know-for-sure
"Unfuck Your Brain: Using Science to Get Over Anxiety, Depression, Anger, Freak-Outs, and Triggers",https://www.goodreads.com/book/show/34885438-unfuck-your-brain
Stolen Focus: Why You Can't Pay Attention- and How to Think Deeply Again,https://www.goodreads.com/book/show/57933306-stolen-focus
"Good Vibes, Good Life: How Self-Love Is the Key to Unlocking Your Greatness",https://www.goodreads.com/book/show/42186465-good-vibes-good-life
Toxic Parents: Overcoming Their Hurtful Legacy and Reclaiming Your Life,https://www.goodreads.com/book/show/103999.Toxic_Parents
"Present Over Perfect: Leaving Behind Frantic for a Simpler, More Soulful Way of Living",https://www.goodreads.com/book/show/27840585-present-over-perfect
The Art of Learning: A Journey in the Pursuit of Excellence,https://www.goodreads.com/book/show/857333.The_Art_of_Learning
How to Break Up with Your Phone: The 30-Day Plan to Take Back Your Life,https://www.goodreads.com/book/show/35209767-how-to-break-up-with-your-phone
"Happier at Home: Kiss More, Jump More, Abandon a Project, Read Samuel Johnson, and My Other Experiments in the Practice of Everyday Life",https://www.goodreads.com/book/show/13414599-happier-at-home
The Greatest Salesman in the World,https://www.goodreads.com/book/show/356896.The_Greatest_Salesman_in_the_World
The 10X Rule: The Only Difference Between Success and Failure,https://www.goodreads.com/book/show/10339170-the-10x-rule
"The Power (The Secret, #2)",https://www.goodreads.com/book/show/8579016-the-power
Your Money or Your Life,https://www.goodreads.com/book/show/78428.Your_Money_or_Your_Life
Originals: How Non-Conformists Move the World,https://www.goodreads.com/book/show/25614523-originals
No More Mr. Nice Guy,https://www.goodreads.com/book/show/97642.No_More_Mr_Nice_Guy
The Miracle of Mindfulness: An Introduction to the Practice of Meditation,https://www.goodreads.com/book/show/95747.The_Miracle_of_Mindfulness
What Color Is Your Parachute? A Practical Manual for Job-Hunters and Career-Changers,https://www.goodreads.com/book/show/6932.What_Color_Is_Your_Parachute_A_Practical_Manual_for_Job_Hunters_and_Career_Changers
When: The Scientific Secrets of Perfect Timing,https://www.goodreads.com/book/show/35412097-when
How to Be Yourself: Quiet Your Inner Critic and Rise Above Social Anxiety,https://www.goodreads.com/book/show/34964986-how-to-be-yourself
The Laws of Human Nature,https://www.goodreads.com/book/show/39330937-the-laws-of-human-nature
Difficult Conversations: How to Discuss What Matters Most,https://www.goodreads.com/book/show/774088.Difficult_Conversations
"Buy Yourself the F*cking Lilies: And Other Rituals to Fix Your Life, from Someone Who's Been There",https://www.goodreads.com/book/show/46064076-buy-yourself-the-f-cking-lilies
A Guide to the Good Life: The Ancient Art of Stoic Joy,https://www.goodreads.com/book/show/5617966-a-guide-to-the-good-life
Tribe of Mentors: Short Life Advice from the Best in the World,https://www.goodreads.com/book/show/36200111-tribe-of-mentors
"Act Like a Lady, Think Like a Man: What Men Really Think About Love, Relationships, Intimacy, and Commitment",https://www.goodreads.com/book/show/6023056-act-like-a-lady-think-like-a-man
A Gentle Reminder,https://www.goodreads.com/book/show/57393737-a-gentle-reminder
Beyond Order: 12 More Rules For Life,https://www.goodreads.com/book/show/56019043-beyond-order
"The 4-Hour Body: An Uncommon Guide to Rapid Fat-Loss, Incredible Sex, and Becoming Superhuman",https://www.goodreads.com/book/show/7148931-the-4-hour-body
Secrets of the Millionaire Mind: Mastering the Inner Game of Wealth,https://www.goodreads.com/book/show/785092.Secrets_of_the_Millionaire_Mind
The Big Leap: Conquer Your Hidden Fear and Take Life to the Next Level,https://www.goodreads.com/book/show/6391876-the-big-leap
What Every Body is Saying: An Ex-FBI Agent's Guide to Speed-Reading People,https://www.goodreads.com/book/show/1173576.What_Every_Body_is_Saying
The Strength In Our Scars,https://www.goodreads.com/book/show/41057388-the-strength-in-our-scars
The Happiness Equation: Want Nothing + Do Anything = Have Everything,https://www.goodreads.com/book/show/22571656-the-happiness-equation
The Introvert Advantage: How to Thrive in an Extrovert World,https://www.goodreads.com/book/show/49322.The_Introvert_Advantage
The Universe Has Your Back: Transform Fear to Faith,https://www.goodreads.com/book/show/28956892-the-universe-has-your-back
Bird by Bird: Some Instructions on Writing and Life,https://www.goodreads.com/book/show/12543.Bird_by_Bird
Hold Me Tight: Seven Conversations for a Lifetime of Love,https://www.goodreads.com/book/show/2153780.Hold_Me_Tight
All About Love: New Visions,https://www.goodreads.com/book/show/17607.All_About_Love
"You Are a Badass Every Day: How to Keep Your Motivation Strong, Your Vibe High, and Your Quest for Transformation Unstoppable",https://www.goodreads.com/book/show/39881144-you-are-a-badass-every-day
"Emotional Agility: Get Unstuck, Embrace Change, and Thrive in Work and Life",https://www.goodreads.com/book/show/27209485-emotional-agility
Presence: Bringing Your Boldest Self to Your Biggest Challenges,https://www.goodreads.com/book/show/25066556-presence
The Power of Intention,https://www.goodreads.com/book/show/19793.The_Power_of_Intention
Women Who Run With the Wolves,https://www.goodreads.com/book/show/241823.Women_Who_Run_With_the_Wolves
"Limitless: Upgrade Your Brain, Learn Anything Faster, and Unlock Your Exceptional Life",https://www.goodreads.com/book/show/49994260-limitless
High Performance Habits: How Extraordinary People Become That Way,https://www.goodreads.com/book/show/30227731-high-performance-habits
Barking Up the Wrong Tree: The Surprising Science Behind Why Everything You Know About Success Is (Mostly) Wrong,https://www.goodreads.com/book/show/31706504-barking-up-the-wrong-tree
"Outer Order, Inner Calm: Declutter & Organize to Make More Room for Happiness",https://www.goodreads.com/book/show/39901314-outer-order-inner-calm
Leaders Eat Last,https://www.goodreads.com/book/show/16144853-leaders-eat-last
"Practicing the Power of Now: Essential Teachings, Meditations, and Exercises from the Power of Now",https://www.goodreads.com/book/show/6709.Practicing_the_Power_of_Now
Ask and It Is Given: Learning to Manifest Your Desires,https://www.goodreads.com/book/show/244383.Ask_and_It_Is_Given
The One Minute Manager,https://www.goodreads.com/book/show/763362.The_One_Minute_Manager
"How to Change Your Mind: What the New Science of Psychedelics Teaches Us About Consciousness, Dying, Addiction, Depression, and Transcendence",https://www.goodreads.com/book/show/36613747-how-to-change-your-mind
The Science of Getting Rich,https://www.goodreads.com/book/show/342504.The_Science_of_Getting_Rich
Mastery: The Keys to Success and Long-Term Fulfillment,https://www.goodreads.com/book/show/81940.Mastery
Love Yourself Like Your Life Depends on It,https://www.goodreads.com/book/show/15704926-love-yourself-like-your-life-depends-on-it
The Headspace Guide to Meditation & Mindfulness,https://www.goodreads.com/book/show/27414493-the-headspace-guide-to-meditation-mindfulness
"Brain Rules: 12 Principles for Surviving and Thriving at Work, Home, and School",https://www.goodreads.com/book/show/2251306.Brain_Rules
Wintering: The Power of Rest and Retreat in Difficult Times,https://www.goodreads.com/book/show/52623750-wintering
"The Magic (The Secret, #3)",https://www.goodreads.com/book/show/13237327-the-magic
"Manage Your Day-to-Day: Build Your Routine, Find Your Focus, and Sharpen Your Creative Mind",https://www.goodreads.com/book/show/17606014-manage-your-day-to-day
The Organized Mind: Thinking Straight in the Age of Information Overload,https://www.goodreads.com/book/show/18693669-the-organized-mind
The 8th Habit: From Effectiveness to Greatness,https://www.goodreads.com/book/show/1044141.The_8th_Habit
The Wisdom of Insecurity: A Message for an Age of Anxiety,https://www.goodreads.com/book/show/551520.The_Wisdom_of_Insecurity
"Zen and the Art of Motorcycle Maintenance: An Inquiry Into Values (Phaedrus, #1)",https://www.goodreads.com/book/show/629.Zen_and_the_Art_of_Motorcycle_Maintenance
Intuitive Eating: A Revolutionary Program That Works,https://www.goodreads.com/book/show/235869.Intuitive_Eating
Who Will Cry When You Die?,https://www.goodreads.com/book/show/289029.Who_Will_Cry_When_You_Die_
The Tao of Pooh,https://www.goodreads.com/book/show/48757.The_Tao_of_Pooh
Chicken Soup for the Soul,https://www.goodreads.com/book/show/801178.Chicken_Soup_for_the_Soul
Linchpin: Are You Indispensable?,https://www.goodreads.com/book/show/7155145-linchpin
Models: Attract Women Through Honesty,https://www.goodreads.com/book/show/12633800-models
"Ultralearning: Master Hard Skills, Outsmart the Competition, and Accelerate Your Career",https://www.goodreads.com/book/show/44770129-ultralearning
The Art of Loving,https://www.goodreads.com/book/show/14142.The_Art_of_Loving
Everything is Figureoutable,https://www.goodreads.com/book/show/43706482-everything-is-figureoutable
"The Boy, the Mole, the Fox and the Horse",https://www.goodreads.com/book/show/43708884-the-boy-the-mole-the-fox-and-the-horse
